{
  "name": "DirectGBT_5_32",
  "target_names": [
    "Bx",
    "By",
    "Bz"
  ],
  "position_names": [
    "x",
    "y",
    "z"
  ],
  "current_names": [
    "em_0",
    "em_1",
    "em_2",
    "em_3",
    "em_4",
    "em_5",
    "em_7",
    "em_8"
  ],
  "features_ordered": [
    "x",
    "y",
    "z",
    "em_0",
    "em_1",
    "em_2",
    "em_3",
    "em_4",
    "em_5",
    "em_7",
    "em_8"
  ],
  "params": {
    "objective": "regression",
    "n_estimators": 5000,
    "learning_rate": 0.1,
    "num_leaves": 32,
    "min_child_samples": 20,
    "subsample": 1.0,
    "colsample_bytree": 1.0,
    "random_state": 42,
    "reg_lambda": 0.0,
    "linear_tree": true,
    "tree_learner": "serial",
    "device_type": "cpu",
    "n_jobs": -1
  },
  "target_normalization_dict": {
    "mean": [
      0.47829207041652466,
      -0.2731172407904988,
      -0.33818343630677533
    ],
    "std": [
      5.951945801206154,
      5.8962136826863505,
      4.1435013231478965
    ]
  },
  "position_normalization_dict": null,
  "lightgbm_version": "4.6.0",
  "saved_at": "20260112_165946",
  "best_iteration_by_target": {
    "Bx": 161,
    "By": 275,
    "Bz": 297
  }
}