{
  "name": "DirectGBT_1_128",
  "target_names": [
    "Bx",
    "By",
    "Bz"
  ],
  "position_names": [
    "x",
    "y",
    "z"
  ],
  "current_names": [
    "em_0",
    "em_1",
    "em_2",
    "em_3",
    "em_4",
    "em_5",
    "em_7",
    "em_8"
  ],
  "features_ordered": [
    "x",
    "y",
    "z",
    "em_0",
    "em_1",
    "em_2",
    "em_3",
    "em_4",
    "em_5",
    "em_7",
    "em_8"
  ],
  "params": {
    "objective": "regression",
    "n_estimators": 5000,
    "learning_rate": 0.1,
    "num_leaves": 128,
    "min_child_samples": 20,
    "subsample": 1.0,
    "colsample_bytree": 1.0,
    "random_state": 2,
    "reg_lambda": 0.0,
    "linear_tree": true,
    "tree_learner": "serial",
    "device_type": "cpu",
    "n_jobs": -1,
    "seed": 2
  },
  "target_normalization_dict": {
    "mean": [
      0.5049803132461802,
      -0.31275154367292246,
      -0.33861548888355897
    ],
    "std": [
      5.921362335149853,
      5.8546099651881125,
      4.071499888032445
    ]
  },
  "position_normalization_dict": null,
  "lightgbm_version": "4.6.0",
  "saved_at": "20260115_133707",
  "best_iteration_by_target": {
    "Bx": 33,
    "By": 29,
    "Bz": 41
  }
}