{
  "name": "DirectGBT_50_128",
  "target_names": [
    "Bx",
    "By",
    "Bz"
  ],
  "position_names": [
    "x",
    "y",
    "z"
  ],
  "current_names": [
    "em_0",
    "em_1",
    "em_2",
    "em_3",
    "em_4",
    "em_5",
    "em_7",
    "em_8"
  ],
  "features_ordered": [
    "x",
    "y",
    "z",
    "em_0",
    "em_1",
    "em_2",
    "em_3",
    "em_4",
    "em_5",
    "em_7",
    "em_8"
  ],
  "params": {
    "objective": "regression",
    "n_estimators": 5000,
    "learning_rate": 0.1,
    "num_leaves": 128,
    "min_child_samples": 20,
    "subsample": 1.0,
    "colsample_bytree": 1.0,
    "random_state": 2,
    "reg_lambda": 0.0,
    "linear_tree": true,
    "tree_learner": "serial",
    "device_type": "cpu",
    "n_jobs": -1,
    "seed": 2
  },
  "target_normalization_dict": {
    "mean": [
      0.4830950749516967,
      -0.2765146365263942,
      -0.33639323056296555
    ],
    "std": [
      5.9155658450441155,
      5.901795651576413,
      4.104302602148583
    ]
  },
  "position_normalization_dict": null,
  "lightgbm_version": "4.6.0",
  "saved_at": "20260114_144706",
  "best_iteration_by_target": {
    "Bx": 117,
    "By": 94,
    "Bz": 313
  }
}