{
  "name": "DirectGBT_100_64",
  "target_names": [
    "Bx",
    "By",
    "Bz"
  ],
  "position_names": [
    "x",
    "y",
    "z"
  ],
  "current_names": [
    "em_0",
    "em_1",
    "em_2",
    "em_3",
    "em_4",
    "em_5",
    "em_7",
    "em_8"
  ],
  "features_ordered": [
    "x",
    "y",
    "z",
    "em_0",
    "em_1",
    "em_2",
    "em_3",
    "em_4",
    "em_5",
    "em_7",
    "em_8"
  ],
  "params": {
    "objective": "regression",
    "n_estimators": 5000,
    "learning_rate": 0.1,
    "num_leaves": 64,
    "min_child_samples": 20,
    "subsample": 1.0,
    "colsample_bytree": 1.0,
    "random_state": 42,
    "reg_lambda": 0.0,
    "linear_tree": true,
    "tree_learner": "serial",
    "device_type": "cpu",
    "n_jobs": -1
  },
  "target_normalization_dict": {
    "mean": [
      0.4840289048873452,
      -0.2743975275057015,
      -0.3374139816975703
    ],
    "std": [
      5.919997273953126,
      5.906829297258008,
      4.110365346983286
    ]
  },
  "position_normalization_dict": null,
  "lightgbm_version": "4.6.0",
  "saved_at": "20260112_170810",
  "best_iteration_by_target": {
    "Bx": 345,
    "By": 410,
    "Bz": 779
  }
}